StartDate,EndDate,Status,IPAddress,Progress,Duration (in seconds),Finished,RecordedDate,ResponseId,RecipientLastName,RecipientFirstName,RecipientEmail,ExternalReference,LocationLatitude,LocationLongitude,DistributionChannel,UserLanguage,Q5,Q6,Q7,Q8,Q9,Q10,Q11,Q12,Q13,Q14,Q18,Q19,Q20,Q21,Q22,Q23,Q24,Q25,Q26,Q27,Q31,Q17,Random ID,explanation0,explanation1,explanation2,explanation3,explanation4,explanation5,explanation6,explanation7,explanation8,explanation9,explanation10,explanation11,explanation12,explanation13,explanation14,explanation15,explanation16
Start Date,End Date,Response Type,IP Address,Progress,Duration (in seconds),Finished,Recorded Date,Response ID,Recipient Last Name,Recipient First Name,Recipient Email,External Data Reference,Location Latitude,Location Longitude,Distribution Channel,User Language,"Task 1






Please provide a natural language instruction describing Task 1.","Task 2






Please provide a natural language instruction describing Task 2.","Task 3






Please provide a natural language instruction describing Task 3.","Task 4






Please provide a natural language instruction describing Task 4.","Task 5






How many doors does the robot pass through to reach the blue box?","Task 6






Please provide a natural language instruction describing Task 6.","Task 7






Please provide a natural language instruction describing Task 7.","Task 8






Please provide a natural language instruction describing Task 8.","Task 9






Please provide a natural language instruction describing Task 9.","Task 10






How many red balls are there on the board?","Task 11






Please provide a natural language instruction describing Task 11.","Task 12






Please provide a natural language instruction describing Task 12.","Task 13






Please provide a natural language instruction describing Task 13.","Task 14






Please provide a natural language instruction describing Task 14.","Task 15






How many blue keys are there on the board?","Task 16






Please provide a natural language instruction describing Task 16.","Task 17






Please provide a natural language instruction describing Task 17.","Task 18






Please provide a natural language instruction describing Task 18.","Task 19






Please provide a natural language instruction describing Task 19.","Task 20






Please provide a natural language instruction describing Task 20.","That's it! Thanks so much for your participation. Just one more question:
On a scale of 1 (very easy) to 5 (very difficult), how would you rate the survey in terms of difficulty?","Comments



Finally, please let us know if you have any comments!",Random ID,explanation0,explanation1,explanation2,explanation3,explanation4,explanation5,explanation6,explanation7,explanation8,explanation9,explanation10,explanation11,explanation12,explanation13,explanation14,explanation15,explanation16
"{""ImportId"":""startDate"",""timeZone"":""America/Denver""}","{""ImportId"":""endDate"",""timeZone"":""America/Denver""}","{""ImportId"":""status""}","{""ImportId"":""ipAddress""}","{""ImportId"":""progress""}","{""ImportId"":""duration""}","{""ImportId"":""finished""}","{""ImportId"":""recordedDate"",""timeZone"":""America/Denver""}","{""ImportId"":""_recordId""}","{""ImportId"":""recipientLastName""}","{""ImportId"":""recipientFirstName""}","{""ImportId"":""recipientEmail""}","{""ImportId"":""externalDataReference""}","{""ImportId"":""locationLatitude""}","{""ImportId"":""locationLongitude""}","{""ImportId"":""distributionChannel""}","{""ImportId"":""userLanguage""}","{""ImportId"":""QID5_TEXT""}","{""ImportId"":""QID6_TEXT""}","{""ImportId"":""QID7_TEXT""}","{""ImportId"":""QID8_TEXT""}","{""ImportId"":""QID9""}","{""ImportId"":""QID10_TEXT""}","{""ImportId"":""QID11_TEXT""}","{""ImportId"":""QID12_TEXT""}","{""ImportId"":""QID13_TEXT""}","{""ImportId"":""QID14""}","{""ImportId"":""QID18_TEXT""}","{""ImportId"":""QID19_TEXT""}","{""ImportId"":""QID20_TEXT""}","{""ImportId"":""QID21_TEXT""}","{""ImportId"":""QID22""}","{""ImportId"":""QID23_TEXT""}","{""ImportId"":""QID24_TEXT""}","{""ImportId"":""QID25_TEXT""}","{""ImportId"":""QID26_TEXT""}","{""ImportId"":""QID27_TEXT""}","{""ImportId"":""QID31""}","{""ImportId"":""QID17_TEXT""}","{""ImportId"":""Random ID""}","{""ImportId"":""explanation0""}","{""ImportId"":""explanation1""}","{""ImportId"":""explanation2""}","{""ImportId"":""explanation3""}","{""ImportId"":""explanation4""}","{""ImportId"":""explanation5""}","{""ImportId"":""explanation6""}","{""ImportId"":""explanation7""}","{""ImportId"":""explanation8""}","{""ImportId"":""explanation9""}","{""ImportId"":""explanation10""}","{""ImportId"":""explanation11""}","{""ImportId"":""explanation12""}","{""ImportId"":""explanation13""}","{""ImportId"":""explanation14""}","{""ImportId"":""explanation15""}","{""ImportId"":""explanation16""}"
2021-05-04 19:56:14,2021-05-04 20:20:21,IP Address,168.91.79.127,100,1446,TRUE,2021-05-04 20:20:21,R_6VEluPazfuzqEZH,,,,,33.4532012939453000,-112.074798583984000,anonymous,EN,let's go and turn right then left again go to 2 steps,Go to Red ball,go to the red box,go to a purple key,2,go to a green box,Go to upto three tiles,Go to the red box,go to the grey key,3,go to the purple box,go to the grey ball,go to the yellow ball,go to the red door,2,go to the blue door,go to green key,go to the blue door,go to the yellow door,go to the grey ball,2,No negative comments,42214,go to the green ball,go to the red ball,go to a red box,go to the purple key,go to the green box,go to the red box,go to a red ball,go to the grey key,go to the purple box,go to the grey door,go to the yellow ball,go to a red door,go to a blue ball,go to the green door,go to a blue door,go to the yellow door,go to the grey ball
2021-05-04 20:04:08,2021-05-04 20:25:40,IP Address,73.66.114.81,100,1292,TRUE,2021-05-04 20:25:41,R_78RdGpERqKtdPsR,,,,,37.6222991943359000,-121.04019927978500000,anonymous,EN,Pick up the green ball,Move the red ball to the yellow area.,Go to the red box,go to the purple key,1,Put the green box next to the green ball,Go to a gray ball,go to a red ball,go to a gray key,3,pick up a green key,pick up a yellow box,go to a yellow ball,go to a purple ball,2,go to a purple ball,go to a yellow key,pick up a red box,pick up a green box,go a gray ball,2,,28763,go to the green ball,"go to the red ball, then put a red ball next to a yellow box",go to a red box,go to the purple key,put the green box next to a green ball,go to the grey ball,go to a red ball,go to the grey key,pick up a green key,pick up a yellow box,go to the yellow ball,go to a purple ball,go to a purple ball,go to the purple key and go to a yellow box,,,
2021-05-04 19:59:17,2021-05-04 20:29:24,IP Address,73.11.242.191,100,1806,TRUE,2021-05-04 20:29:24,R_25SZkkzfG8NFjcX,,,,,47.0240020751953000,-122.7826995849610000,anonymous,EN,turn left to face the green ball,pick up the red ball and place it in front of the yellow box,go to the red box,go to the purple key,1,pick up the green box and place it by the green ball,go to the gray ball,go to the red ball,go to the top grey key,3,pick up the green key carry it to the blue ball,go to the purple key,pick up the yellow ball and place it one up and one over ,go through the bottom doorway,2,go to a purple ball,go to a grey box,pick up a red box,pick up a green box,go to a grey ball,2,"The last 3 didn't have suggestions, not sure why? If the questions were ACs I wasn't sure how many doors the first one went through, because the door disappeared, so it actually only went through 1 door. Hopefully that is right?",76210,go to the green ball,"pick up a red ball, then put the red ball next to a yellow box",go to a red box,go to the purple key,"go to the green box, then pick up the green box and put the green box next to a green ball",go to the grey ball,go to a red ball,go to the grey key,pick up the green key and go to a blue ball,go to a purple key,go to a yellow ball and pick up the yellow ball,go to a red door,go to a purple ball,,,,
2021-05-04 20:13:51,2021-05-04 20:44:27,IP Address,71.227.107.82,100,1836,TRUE,2021-05-04 20:44:27,R_a47rEN4BR9Qaoz7,,,,,42.8704071044922000,-85.6681976318359000,anonymous,EN,Go to the box underneath the green ball and point toward it.,Take red ball to  yellow box,Go to red box,Go to the purple key,1,Put green box above green ball,Go to the top gray ball.,Go to the red ball.,Go to the gray key,3,Go to green key and bring to gray box,Bring the yellow box to the gray ball,Go to the yellow ball and move it one right and one up.,Move to above the red door,2,Go to purple ball,Go to the green key,Pick up red box and move to the room to the left by the door at the top,Pick up green box,Go to the gray ball,2,Unique study!,19543,go to the green ball,go to a red ball and put a red ball next to a yellow box,go to a red box,go to the purple key,go to the green ball and put a green box next to a green ball,go to the grey ball,,,,,,,,,,,
2021-05-04 19:57:06,2021-05-04 20:51:59,IP Address,201.92.156.74,100,3293,TRUE,2021-05-04 20:51:59,R_27Jf7LaNgE1yrUu,,,,,-23.0955047607422000,-45.9308013916016000,anonymous,EN,Walk to the green ball.,Go to the red ball and take it to the yellow exit.,Go to the green box.,Go to a purple key.,1,Take the green box farthest away and place it next to the green ball.,Go to a gray ball.,Go to a red ball.,Go to a gray ball and a gray key.,3,Go to the green key.,Take the yellow box and take the gray ball.,Take the yellow ball and open the marela.,Go to the red door.,2,Go to the purple ball.,Go to the green key.,Take the red box.,Take the green box.,Go to the gray ball.,4,no comments,39529,go to the green ball,put the red ball next to the yellow box after you go to a red ball,go to a green box,go to the purple key,pick up a green box and put the green box next to the green ball,go to the grey ball,go to a red ball,,,,,,,,,,
2021-05-04 20:02:55,2021-05-04 21:02:38,IP Address,97.93.61.218,100,3583,TRUE,2021-05-04 21:02:39,R_2BljySaGYN0SYq5,,,,,33.7834930419922000,-118.13159942627000000,anonymous,EN,Move  right into the green circle.,Pick up the red ball and drop it off near the door.,Go to the room with the red and green doors.,Pick up the purple key,1,Pick up the green box and put it on top of the green ball.,Go next to the gray ball and red box.,Go to the red ball.,Go to the key in the top room.,3,Go and pick up the green key,Go and pick up the yellow box and walk to the top left room.,"Go and pick up the purple ball and drop it off in the middle room, and then pick up the yellow ball and put it back down.",Pick up the yellow box and set it back down.,2,Open the red door and pick up the blue ball and put it in the top middle room ,Pick up the gray box in the top left room.,Pick up the gray ball and put it in the bottom middle room and pick the blue key up and set it back down,Pick up the green box.,Pick up the red box in the bottom right room and set it back down.,5,,90815,,,,,,,,,,,,,,,,,
2021-05-04 20:41:11,2021-05-04 21:30:17,IP Address,42.106.184.194,100,2946,TRUE,2021-05-04 21:30:18,R_1QAVwVziepDxC1B,,,,,10.80999755859380,78.693206787109400,anonymous,EN,Robot moves towards green ball.,Robot moves towards door.,Robot moves to red door.,Robot moves towards key.,1,Robot drop green box.,Robot move towards grey ball.,Robot move towards red ball.,Robot move towards green key.,3,Robot move towards blue ball.,Robot pick yellow box.,Robot pick yellow ball.,Robot open red door.,2,Robot move towards blue ball.,Robot move towards green key.,Robot pick red box.,Robot pick green box.,Robot move towards grey ball.,3,Happy to participate on this Natural Language Instructions for a Virtual Robot.,68312,,,,,,,,,,,,,,,,,
2021-05-04 21:07:09,2021-05-04 21:45:17,IP Address,49.37.217.44,100,2288,TRUE,2021-05-04 21:45:18,R_2VQpyJlmFLikwML,,,,,13.0579071044922000,80.192108154296900,anonymous,EN,THE RED ARROW REACHED THE GREEN BALL,GO TO THE RIGHT ARROW AND GREEN THE WINDOW,GO TO THE RED ARROW THREE DOORS AND REACHED TO THE RED WINDOW,THE RED ARROW REACHED TO LAWENDER KEY,1,THE RED ARROW GO TO STRAIGHT AND REACHED TO RED BOX,THE RED ARROW REACHED TO GRAY BALL,RED ARROW GO THE THREE DOOR AND REACHED THE RED BALL,THE RED ARROW GO TO THREE DOORS AND REACHED TO GREY BALL,3,RED ARROW REACHED TO THREE DOORS AND  REACHED OUT OF GREEN KEY,RED ARROW REACHED TO GRAY BALL,RED ARROW REACHED TO THREE DOOR AND YELLOW BALL,RED NOT REACHED EVERY ONE,2,RED ARROW REACHED THE BLUE BALL,THE RED ARROW REACHED TO GREY BOX,RED ARROW NOT REACHED TO EVERY ONE,RED ARROW REACHD TO GREEN BOX,RED ARROW REACHED TO GREY BALL,2,GOOD,47558,,,,,,,,,,,,,,,,,
2021-05-04 21:29:02,2021-05-04 22:04:26,IP Address,157.51.146.78,100,2123,TRUE,2021-05-04 22:04:26,R_AvAjQ05C3I3zGTv,,,,,13.0579071044922000,80.192108154296900,anonymous,EN,to see the green ball,Red ball,pics green ,Near to purple key ,1,Go to green door,Just move to black circle,open to green and yello door and go to the red circle,go to near key ,3,open green and yellow doors ,open red door and  and also blue door and go to the open yellow door ,open do black door and pic green ball and also go to open green door  pick yellow ball,just move some where,2,go to open red door and pic blue ball,go to open blue door and green doors ,go to pick black ball,open blue  door and green door,open red and blue and purple door,3,,36743,,,,,,,,,,,,,,,,,
2021-05-05 11:37:00,2021-05-05 12:14:37,IP Address,50.231.89.77,100,2257,TRUE,2021-05-05 12:14:38,R_3Rlb3WzVCpdkllo,,,,,33.8983001708984000,-84.58930206298830000,anonymous,EN,The indicatore was move on the correct side.,The pointer was move on the objects.,Go to thre red box.,Go towards the purple key.,1,Go to collect the green box.,Go towards the grey ball.,Go to the red ball.,Go tot the red door.,3,Go towards the collect green key.,Go to collect the yellow box.,go to collect the blue ball and yellow ball.,Go to the red door.,2,Go to collect the blue ball.,Go to collect the violet box,Go to collect the grey ball and blue key and red box.,Go to collect the green box.,Go to collect red boxes and blue boxes.,1,Nice task and thanks for the opportunity.,99119,,,,,,,,,,,,,,,,,
2021-05-05 15:58:50,2021-05-05 16:11:01,IP Address,206.176.35.2,100,730,TRUE,2021-05-05 16:11:01,R_1IGy93h0yBgcNgY,,,,,43.5547027587891000,-96.743499755859400,anonymous,EN,The red triangle turns to face the green circle.,go to the yellow box,go to the red box,go to a purple key,1,put the green box in front of the green circle,go to the gray circle,go to the red ball,go to the gray key,3,go between the blue ball and the blue box,go to the purple key,move the yellow circle diagonally,go to the purple ball,2,go to a purple ball,go between a gray box and a wall,go to a corner of a room with a yellow key,go to a green door,go to a grey ball,3,neat,10575,go to the green ball,put a red ball next to the yellow box,go to a red box,go to the purple key,put the green box next to a green ball,go to the blue ball and go to a grey ball,go to a red ball,go to the grey key,"go to the blue box, then go to the blue ball",go to a purple key,go to the yellow ball,go to a purple ball,go to a purple ball,go to the grey box and go to a grey door,"go to the yellow box, then go to a yellow key",go to the green box,go to the grey ball
2021-05-05 16:10:41,2021-05-05 16:21:52,IP Address,174.131.169.213,100,670,TRUE,2021-05-05 16:21:52,R_3g5ZkH7WP7FXAwd,,,,,35.01190185546880,-97.42800140380860000,anonymous,EN,Go to the green ball,Bring the red ball to the gold chest,Go to the red chest,Go to the purple key,1,move the green box,go to a grey ball,go to the red ball,go to the grey key,3,go to the blue ball,go to the purple key,move the yellow ball,go to the purple ball,2,go to the purple ball,go to a grey box,Go to a open door,move the green box,go to the grey ball,2,,65146,go to the green ball,go to the red ball,go to a red box,go to the purple key,go to the green box,go to the grey ball,go to a red ball,go to the grey key,go to the blue ball,go to a purple key,go to the yellow ball,go to a purple ball,go to a purple ball,go to a grey box,go to the blue door and open the blue door,go to the green box,go to the grey ball
2021-05-05 15:59:38,2021-05-05 16:23:12,IP Address,104.224.28.126,100,1414,TRUE,2021-05-05 16:23:12,R_qRAqTNUcDhTtowF,,,,,40.78759765625,-74.05999755859380,anonymous,EN,Go to the green ball,go to the red ball,go to the red door,go to the purple key,1,Go to the green box,go to the black ball,Go to the red ball,go to the black key,3,go to the blue ball,go to the grey ball,go to the yellow ball,go to the red door,2,go to the purple ball,go to the green key,go to the purple door and go to the grey ball and go to the blue key,go to the blue door and go to the green box,go to the red door and go to the red box and go to the blue door,2,it was very interesting to complete,30287,go to the green ball,go to the red ball,go to a red box,go to the purple key,go to the green box,go to a blue ball,go to a red ball,go to the grey key,go to the blue ball,go to the grey door,go to the yellow ball,go to a red door,go to a purple ball,go to the green door and go to the purple key and go to the green door,go to the purple door and go to the grey ball and go to the blue key,go to the blue door and go to the green box,go to the red door and go to the red box and go to the blue door
2021-05-05 16:06:22,2021-05-05 16:24:02,IP Address,76.25.67.198,100,1059,TRUE,2021-05-05 16:24:03,R_2z7741Erh916nOC,,,,,39.8419952392578000,-105.11009979248000000,anonymous,EN,Move to the right.,Go to the red ball.,go to red squares,go to purple key,1,go to the green box,go to gray circle,go to the red ball,go to a grey key,3,open the doors,go to the purple key,go to the yellow ball,go to the red door,2,go to the purple ball,go to a grey box,go to a red box,go to a green box,go to a grey ball,2,No problems.,40091,go to the green ball,go to the red ball,go to a red box,go to the purple key,go to the green box,go to the blue ball and go to a grey ball,go to a red ball,go to the grey key,open a blue door,go to a purple key,go to the yellow ball,go to a red door,go to a purple ball,go to a grey box,go to a red box,go to the green box,go to the grey ball
2021-05-05 16:01:40,2021-05-05 16:41:52,IP Address,70.92.236.239,100,2412,TRUE,2021-05-05 16:41:53,R_qDAghZOxmKAqmPf,,,,,44.180694580078100,-88.4759979248047000,anonymous,EN,Move right arrow side,Go to red ball,Go to next box,Go to yellow ball,1,Go to green door,go to gray ball,Go to green gate,Go to gray key,3,go to blue key,go to a red door,Go to a green gate,go to a yellow door,2,go to a blue ball,go to a gray ball,go to a yellow door and go to the blue door and go to a red ball,go to a blue door and go to the green door and go to a red ball,go to the red door,5,,78481,go to the green ball,go to the red ball,go to a red box,go to the yellow ball,go to the green box,go to the blue ball and go to a grey ball,go to a green door,go to the grey key,go to a blue key,go to a red door,go to the green door,pick up a yellow box and go to a red door,go to a blue ball,go to a grey door and go to the blue door and go to a red ball,"go to the yellow box after you go to the blue ball, then put the red box next to a blue door",go to the blue door and go to the green box,go to the red door
2021-05-05 16:25:44,2021-05-05 17:00:21,IP Address,173.92.244.155,100,2076,TRUE,2021-05-05 17:00:21,R_2wQsiGsWCTazQ4S,,,,,35.2071990966797000,-80.9568023681641000,anonymous,EN,read arrow points north,go to the red ball,go to the red  outlined split box,go to the purple key,1,go to the green box,go to the grey circle,go to the red ball,go to the grey key,3,go in between the purple box and blue circle,go through the door to under the purple key,go to the yellow ball and go to the yellow door,go to the yellow box and go under the purple ball,2,pick up the blue ball and go to the purple ball,pick up the grey box and go to the green key,drop off the grey key and pick up red box,pick up the green box and go to the green door,pick up and drop the red box then go to the grey ball,3,,86770,go to the green ball,go to the red ball,go to a red box,go to the purple key,go to the green box,go to the grey ball,go to a red ball,go to the grey key,"go to a purple box and go to the blue box, then go to the purple box",go to the purple key and open a grey door and go to a purple key,go to the yellow ball and go to the yellow door,pick up a yellow box and go to the purple ball,pick up the blue ball and go to a purple ball,pick up the grey box and put the grey box next to a green key,pick up the grey ball and pick up the blue key and pick up the red box,"pick up the green box, then put a green box next to a green door",pick up the grey ball after you pick up the red box and go to a grey ball
2021-05-05 16:38:43,2021-05-05 17:16:35,IP Address,122.178.235.194,100,2272,TRUE,2021-05-05 17:16:36,R_Ry6ADuaFfPBP3MJ,,,,,12.9633941650391000,77.58551025390630,anonymous,EN,Straight on red arrow and the right on move then left to cut in side and picking the green.,Straight on the red arrow move and the left on the side then straight to the conclutionand picking the red ball and straight to ball.,Go to the red door.,Go to a violet key.,1,Go to a green box,Go to a grey ball,Go to the red ball,Go to the grey key,3,go to a grey box,go to a purple key,go to a yellow box,Go to a purple ball.,2,go to a blue ball and go to a purple ball,go to a green key,go to a blue key,go to a green  box,go to a grey ball,3,Good,83622,go to the green ball,"go to the red key and go to the red ball, then pick up a red ball",go to a red box,go to the purple key,go to the green box,go to the grey ball,go to a red ball,go to the grey key,go to a blue box,go to a purple key,go to the red box and go to a yellow door,go to a purple ball,go to the blue ball and go to the purple ball,go to the green door and go to the purple key and go to the green door,go to a blue key,go to the green box,go to the grey ball
2021-05-05 17:20:26,2021-05-05 17:43:44,IP Address,122.178.236.177,100,1397,TRUE,2021-05-05 17:43:45,R_3fqJZpzOLsHLMzh,,,,,12.9633941650391000,77.58551025390630,anonymous,EN,go to a blue ball,go to a red ball,go to the red box,go to a purple key.,1,go to a green box,go to a grey ball,go to a red ball,go to a grey key.,3,go to a grey box.,go to a purple key,go to a yellow door,go to a purple ball,2,go to a purple ball.,go to a green ball,go to a yellow key,go to a green door,Go to a grey ball,3,Good,81564,go to a blue ball,go to the red ball,go to a red box,go to the purple key,go to the green box,go to the grey ball,go to a red ball,go to the grey key,go to a blue box,go to a purple key,go to a yellow door,go to a purple ball,go to a purple ball,go to the green door,go to the yellow key,go to the green box,go to the grey ball
2021-05-05 20:59:55,2021-05-05 21:48:18,IP Address,103.55.45.182,100,2903,TRUE,2021-05-05 21:48:18,R_3knBQqoygjTAAzb,,,,,-34.778594970703100,150.694793701172000,anonymous,EN,Face towards top right circle in closest empty square,Put red ball above yellow box,Go to the red box on the left,Go to the blue key,1,Move a green box to a green circle,Go to a grey ball,Go to the red ball,Go to a grey key,3,Go between a blue box and blue ball,Pick up the yellow box then go to the blue key,Move the balls in front of the doors,Go to the yellow box then to the red door,2,Go to the blue ball,Pick up a grey box and go to a grey box,Pick up a blue key and go to a yellow box and pick up a red box and go to a blue door,Pick up a yellow box,Pick up and drop a red box and go to a grey ball,3,When it asked me to identify how many red balls there were I am not sure I got it correct as I am not great identifying shades. It looked like 2 red and 1 orange to me and so picked 3 red as there was no option for 2. I think those were attention checks so hopefully I got them right.,43598,go to the green ball,put a red ball next to the yellow box,go to a red box,go to a blue box and go to the purple key,go to the green ball and put a green box next to a green ball,go to the grey ball,go to a red ball,go to the grey key,"go to the blue box, then go to the blue ball",go to the green key and go to a blue door and pick up the yellow box,"open a purple door, then pick up a yellow ball, then go to the yellow door",pick up a yellow box and go to a red door,go to a blue ball,pick up a grey box and go to the grey box,"go to a blue door, then put a blue key next to a yellow box and pick up the red box",go to a yellow box,pick up a red box and go to a grey ball
2021-05-06 20:39:47,2021-05-06 21:12:51,IP Address,172.111.198.87,100,1983,TRUE,2021-05-06 21:12:51,R_qOCQ25zTwNlfcgF,,,,,25.7740936279297000,-80.18170166015630,anonymous,EN,Pickup the green ball,Put down the red ball,Go to red box,Go to a Pink key,1,go to a green box,go to the gray ball,go to the red ball,go to a gray key,3,go to a green key,go to a yellow box,go to the yellow ball,go to the purple ball,2,go to a purple key,go to the green key,go to the red box,go to the green box,go to a gray ball,4,"I think there should be universal code for single ball or things like - ""a ball"" and ""the"" for multiple... because this point was the most confusing.. ",57891,go to the green ball,go to the red ball,go to a red box,go to the purple key,go to the green box,go to the grey ball,go to a red ball,go to the grey key,go to a green key,go to a yellow box,go to the yellow ball,go to a purple ball,go to the purple key,go to the green door and go to the purple key and go to the green door,go to a red box,go to the green box,go to the grey ball
2021-05-06 20:54:41,2021-05-06 21:38:59,IP Address,177.223.107.19,100,2658,TRUE,2021-05-06 21:39:00,R_9KuHgdGstXhbE53,,,,,-23.4839019775391000,-49.4116973876953000,anonymous,EN,go to the green circle,place the orange ball under the yellow rectangles,go to the red box,go to a purple key,1,go to the green box and place it next to the green ball,go to the gray ball,go to the red ball,go to the gray key,3,go to the green key and place the green key on the side of the blue box that is on the side of the gray box,go to the yellow box and place the yellow box next to the gray ball,"go to the blue ball take the blue ball out of the door entrance by placing the blue ball 2 places to the left, then go to the yellow ball and take out the yellow ball from the door entrance place the yellow ball one place to the right",go to the yellow box and place the yellow box next to the red door,2,get the blue ball then go to the blue door,go to the gray box and place the gray box next to the green key,go to the gray ball then place the blue key on the side of the yellow box then place the red box on the side of the yellow key,place the green box on the green door, go to the red box and place it next to the gray ball,3,,37765,go to the green ball,"go to the red ball, then put a red ball next to a yellow box",go to a red box,go to the purple key,go to a green box and put the green box next to the green ball,go to the grey ball,go to a red ball,go to the grey key,go to the blue box and go to a green key and put a green key next to the grey box,"go to a yellow box, then pick up the yellow box and put a yellow box next to the grey ball","go to a blue key and pick up a yellow ball, then go to the yellow door",pick up a yellow box and go to a red door,"go to the blue ball after you go to the red door, then pick up a blue ball",go to the green door and put the grey box next to a green key,"go to the yellow box and put a blue key next to a yellow box, then go to a grey ball",pick up a green box and put the green box next to the green door,go to a red box and pick up a red box and go to a grey ball
2021-05-06 21:45:28,2021-05-06 22:03:56,IP Address,173.168.170.237,100,1108,TRUE,2021-05-06 22:03:57,R_1Cwi3UMIeq5xzBk,,,,,28.0406036376953000,-82.39510345458980000,anonymous,EN,Go to the green ball,Chase the red ball,Go to the red box next to the green box,go to the purple key,1,go to the green box,go to the grey circle by the yellow circle,go to the red ball,go to the grey key,3,go to the blue ball,go to the yellow box,move the yellow and purple ball,pick up and place the yellow box ,2,move the blue ball,go to the green key,pick up the red box,pick up a green box,pick up a red box and go to a grey ball,3,thank you!,34158,go to the green ball,go to the red ball,go to a red box and go to the green box,go to the purple key,go to the green box,go to the blue ball and go to a grey ball,go to a red ball,go to the grey key,go to the blue ball,go to a yellow box,pick up a purple ball and go to a yellow ball,pick up the yellow box,go to a blue ball,go to the green door and go to the purple key and go to the green door,pick up a red box,pick up a green box,pick up a red box and go to a grey ball
2021-05-06 21:38:12,2021-05-06 22:06:09,IP Address,103.78.19.26,100,1676,TRUE,2021-05-06 22:06:09,R_3ITeDwSEp489Sfw,,,,,15.27569580078130,76.379791259765600,anonymous,EN,Go to the green circle,Move to the yellow door,Move to the red box,go next to yellow ball before the key,1,Shift the green box next to green circle,go to the nearest gray ball,go to red ball,go to a gray key,3,go to the blue ball near the purple box,go to the green box then go to the yellow box and collect the yellow box,move the purple ball and go to the yellow door,go to the red door,2,"open the red door, pick up the blue ball and go to the purple ball",open the purple door and go to the green key,"open the gray door then open the purple door, pickup the gray ball then pickup the blue key and pick up the red box",open the blue door and pickup the green box,open the blue door and go to the gray ball,2,"Indeed as stated in the initial instruction, it was fun and enjoyable completing the study.  Thank You",50505,go to the green ball,put a red ball next to the yellow box,go to a red box,go to the yellow ball,"go to the green box, then put a green box next to the green ball",go to the grey ball,go to a red ball,go to the grey key,"go to the purple box, then go to the blue ball",go to the green box and go to the yellow box and pick up the yellow box,pick up the purple ball and go to a yellow door,go to a red door,open a red door and pick up a blue ball and go to a purple ball,open the green door and go to a purple key,"open the purple door, then pick up the grey ball and pick up the blue key",open the blue door and pick up a green box,open the blue door and open a blue door and go to a grey ball
2021-05-06 21:42:37,2021-05-06 22:14:29,IP Address,45.4.199.89,100,1911,TRUE,2021-05-06 22:14:29,R_26mMIlPL2Fyos1M,,,,,40.75030517578130,-74.00140380859380,anonymous,EN,"the rectangle ,go straight and down .then turn right .you will reach the green ball",go to the red balls,go to the violet keys and you will reach the red key,go to the purple key,1,go to the green doors,go to the grey ball,"go to the yellow door and go to the green door ,then again  go to the yellow door and purple door. then you will reach the red ball",go to the grey doors and reach the grey key,3,open the green door again reach the green door. then go to the purple door and yellow door. then open the green doors and blue door ,open the red door and go to a grey doors. then go to a blue door,open the purple doors and go to the yellow door,go to the  yellow box and reach the place,2,go to the red door and pick up blue ball. then go to the green door,go to the purple door and grey box. then go to the grey door. pick up the green and blue door,go to the grey door and blue doors. then pickup the grey ball and blue key.,go to the blue door and reach the green box,open the red doors. and go the blue doors. you will reach the grey ball,2,very interesting survey,76916,go to the green ball,go to the red ball,"go to the purple box and go to a blue key, then go to the red box",go to the purple key,go to the green box,go to the grey ball,"go to the green ball, then go to a yellow door, then go to the purple door",open the grey door and go to a grey key,"open the green door, then open the purple door, then go to a green door","open the red door and go to the grey door, then go to a blue door","open the purple door, then go to the yellow door",pick up the yellow box,"go to a red door and pick up the blue ball, then go to the green door","go to the purple door, then pick up the grey box and go to the green door","pick up the grey ball, then go to a blue key, then go to the grey door",go to the blue door and go to the green box,"open a red door, then go to the blue door and go to the grey ball"
2021-05-06 22:00:41,2021-05-06 22:15:24,IP Address,76.87.178.24,100,883,TRUE,2021-05-06 22:15:25,R_27Ii6IPAxegaHMC,,,,,34.57049560546880,-118.02899932861300000,anonymous,EN,Red arrow turn left to face green sphere,Drop the red ball,Go to red box,go to purple key,1,Go to the green box,Go to a grey ball,Go to the red ball,Go to the grey key,3,Go to the blue ball,go to the purple key,put down the yellow ball,go to the purple ball,2,go to the purple ball,Go to the grey box,go past the grey key,go to a green box and then go to a green door,go through a purple door and then go to a grey box,4,I didn't always know when to switch over to including multiple objects so that made it a tad confusing to me.,53172,go to the green ball,go to the red ball,go to a red box,go to the purple key,go to the green box,go to the grey ball,go to a red ball,go to the grey key,go to the blue ball,go to a purple key,go to the yellow ball,go to a purple ball,go to a purple ball,go to the grey box,go to a grey door and go to a blue key,"go to a green box, then put a green box next to the green door","go to the red box, then go to a grey key and go to a purple door"
2021-05-06 22:17:41,2021-05-06 22:46:29,IP Address,45.4.198.60,100,1728,TRUE,2021-05-06 22:46:30,R_3QS1hf0gMNOO0Iv,,,,,40.75030517578130,-74.00140380859380,anonymous,EN,go to the green ball,go to the red balls,"go to the blue door , go to the blue door , go to the purple door, go to the blue door and finally and go to the red box",go to the purple key,1,go to the green box,go to the gray ball,"go to the yellow door , purple door , green door, yellow door, and blue door go to red  ball",go to the purple and blue door to grey key,3,go to the green key,go to the yellow box,go to the blue and yellow ball,go to the red door,2,go to the blue ball,go to purple box,go to the red box,go to the green box,go to a gray  ball,2,good,49612,go to the green ball,go to the red ball,"go to the purple box, then go to a blue door and go to a red box",go to the purple key,go to the green box,go to the grey ball,go to the yellow door and go to the purple door and go to a red ball,go to the grey key,go to a green key,go to a yellow box,go to the yellow ball,go to a red door,go to a blue ball,go to the purple door,go to a red box,go to the green box,go to the grey ball
2021-05-06 22:38:17,2021-05-06 22:56:15,IP Address,189.18.239.221,100,1078,TRUE,2021-05-06 22:56:15,R_264h5Vb3zMVhe3C,,,,,-22.8950042724609000,-47.0438995361328000,anonymous,EN,The virtual robot went down on the green ball,Place the red ball on top of the yellow box,go to the red box,go to the purple key,1,put the green box on top of the green ball,go to the gray ball,go to the red ball,go to a grey key,3,go to the purple box,go to the purple key,move the yellow ball,go to the purple ball,2,go to the purple ball,go to a grey box,take the red box,go to the green box,go to a grey ball,3,Thank you,99954,go to the green ball,put a red ball next to the yellow box,go to a red box,go to the purple key,pick up a green box and put the green box next to the green ball,go to the grey ball,go to a red ball,go to the grey key,go to the purple box,go to a purple key,go to the yellow ball,go to a purple ball,go to a purple ball,go to a grey box,go to a red box,go to the green box,go to the grey ball
2021-05-06 22:38:28,2021-05-06 23:03:09,IP Address,45.4.197.53,100,1481,TRUE,2021-05-06 23:03:10,R_3pgRdwFO8PNrm9z,,,,,40.75030517578130,-74.00140380859380,anonymous,EN,Go to green ball,go to the red ball,go to the gray door and blue door finally go to the red box,go to the purple,1,go to the green box and then reach the green box,go to the gray ball,go to the yellow door and reach the red ball,go to the gray door and reach the gray key,3,go to the blue key and finally reach the blue door,go to the red door and reach the gray ball,go to the gray door and reach the yellow ball,go to the red door.,2,go to the red door and go to the gray ball,go to the gray door and reach the  green key,go to the gray door and reach the yellow key,open the blue door and reach the ,go to the red door and reach the gray ball,1,good,50666,go to the green ball,go to the red ball,"go to the grey door, then go to the blue door, then go to a red box",go to the purple key,"go to the green box, then pick up a green box",go to the grey ball,go to a yellow door and go to the red ball,"open a grey door, then go to a grey key",pick up a blue key and go to a blue door,"go to a red door, then open the red door and go to the grey door","go to a grey door and go to the yellow ball, then open the yellow door",go to a red door,go to the red door and go to the green ball,go to a green door and open the green door and put a grey box next to a green key,open a grey door and go to the yellow key,go to a blue door and open the blue door,"go to a red door and open the red door, then go to a grey ball"
2021-05-07 12:07:44,2021-05-07 12:27:18,IP Address,67.197.37.223,100,1174,TRUE,2021-05-07 12:27:18,R_3EaOVKngzUsV3Kt,,,,,35.050201416015600,-80.9907989501953000,anonymous,EN,Go to the yellow ball,Go to the red ball,Go to the red box,Go to the purple key,1,Go to the green box,Go to the grey ball,Go to a red ball,Go to the grey key,3,Go to the green ball,Go to a purple key,Go to a yellow ball,Go to a purple box,2,Go to a purple ball,Go to a green key,Go to a red key,Go to blue box then go to green box,Go to a red box then go to blue door then go to purple ball,3,Good,25382,go to a blue ball,go to the red ball,go to a red box,go to the purple key,go to the green box,go to the grey ball,go to a red ball,go to the grey key,go to the green box,go to a purple key,go to the yellow ball,go to a purple ball,go to a purple ball,go to the green door and go to the purple key and go to the green door,"go to the blue key, then go to a red box",go to the blue door and go to the green box,"go to a red box, then go to a purple door, then go to a grey ball"
2021-05-07 15:14:54,2021-05-07 15:46:36,IP Address,49.37.219.7,100,1901,TRUE,2021-05-07 15:46:37,R_tX4aF8aXoNZL5aV,,,,,12.89959716796880,80.22088623046880,anonymous,EN,go to green ball,"pick up the red ball, go to the red box",,go to the purple key,1,go to the green box,go to the grey ball,"open the grey door, open the blue door, go to the red box","open the grey door, then go to the gray ball",3,"open green door,the pick up the green key","open red door,open green door,pick up the green box","open green door, pick up the blue and yellow ball",go to the green box,2,"open the red door, the drop the blue ball","open red door, open green door,then go to the green key","open grey door, pick up the gray ball, then pick up the red box","open the blue door,pick up the green box","open red door,open blue door,go to the gray ball",2,interesting survey,33869,go to the green ball,go to a red ball and pick up a red ball and put the red ball next to a yellow box,,go to the purple key,go to the green box,go to the grey ball,"go to the purple box and go to a grey door, then open the grey door","open a grey door, then go to a grey ball",open the green door and pick up the green key,open the red door and go to the green box,"open the green door, then open the green door and pick up the yellow ball",pick up the yellow box,open the red door and go to the blue ball,go to the red box and go to a green door and open the green door,"open a grey door and pick up the grey ball, then pick up the red box",open the blue door and go to a green box,"open the red door, then open a blue door and go to the grey ball"
2021-05-11 09:31:44,2021-05-11 09:49:08,IP Address,151.42.69.150,100,1044,TRUE,2021-05-11 09:49:09,R_3DtjnQXlGUliW3U,,,,,44.8921051025391000,11.8218994140625,anonymous,EN,the robot point up facing the yellow ball,puts down the red ball,go to the red stairs,go to the blue key,1,go to the green box,go to the grey ball,open the door and go to the red ball,go to the grey key,3,open a purple door and go to the blue ball,go to a purple key,go to a yellow ball,go to a purple ball,2,open the green door and go to a purple ball,open a green door and go to the green key,open the grey door and go to a red box and go to a purple door,go to a green ball and go to a green door,open the purple door and go to the grey ball,2,,77062,go to the green ball,go to the red ball,go to a red box,go to a blue box and go to the purple key,go to the green box,go to the grey ball,open a grey door and go to the red ball,go to the grey key,open the purple door and go to a blue ball,go to a purple key,go to the yellow ball,go to a purple ball,open a green door and go to the purple ball,open a green door and go to the purple key and go to a green door,open a grey door and go to a purple door and go to a red box,"go to a green box, then put a green box next to the green door",open a purple door and go to the grey ball
2021-05-11 09:32:26,2021-05-11 09:51:45,IP Address,96.8.130.106,100,1158,TRUE,2021-05-11 09:51:46,R_20TXN8iG9K57feE,,,,,29.702606201171900,-98.47589874267580000,anonymous,EN,walk to the green ball,go to the ladder,go to a red door,go to the purple key,1,move the green box,go to a gray ball,go to the red ball,go to a grey key,3,go to a purple box,go to the purple key,go to a yellow ball,go to the purple ball,2,go to the purple ball,go to the green key,go to the red box,go to the green box,go to a gray ball,2,N/A,20175,go to the green ball,go to a red key,go to a red box,go to the purple key,go to the green box,go to the grey ball,go to a red ball,go to the grey key,go to a purple box,go to a purple key,go to the yellow ball,go to a purple ball,go to a purple ball,go to the green door and go to the purple key and go to the green door,go to a red box,go to the green box,go to the grey ball
2021-05-11 09:46:52,2021-05-11 09:54:00,IP Address,98.16.92.145,100,428,TRUE,2021-05-11 09:54:01,R_3Mm6a3W0KC92Gj8,,,,,31.1822967529297000,-83.76409912109380,anonymous,EN,red arrow must navigate towards a gold key,put red ball near goal,go to red door,go to purple key,1,go to the green box,go to grey ball,go to the red ball,grab the grey key,3,get to the grey door,go to the purple door,go to the yellow ball,go to the red door,2,go to the purple ball,get the green key,go through a door and get the box,go through a blue door and get the green box,go through a red door and get the grey box,4,,57860,go to the green ball,go to the red ball,go to a red box,go to the purple key,go to the green box,go to the grey ball,go to a red ball,go to the grey key,go to a blue door,go to the purple ball,go to the yellow ball,go to a red door,go to a purple ball,go to the green door and go to the purple key and go to the green door,go to a blue door and pick up the red box,go to a blue door and pick up the green box,go to a red door and pick up a red box and go to the grey ball
2021-05-11 09:35:11,2021-05-11 09:56:37,IP Address,200.189.47.251,100,1286,TRUE,2021-05-11 09:56:37,R_3Jq7j8xLzwkdSnV,,,,,40.8491973876953000,-73.97350311279300000,anonymous,EN,green,go to red ball,red squre,go to a key,1,go to the green box,go to the gray ball,go to the red ball,go to the gray key,3,go to a green key,go to the yellow box,go to the yellow ball,go to the yellow box,2,go to the blue ball,go to a green key,go to the gray ball,go to the green box,go to the red box and go to a gray ball,3,nice,96618,go to the green ball,go to the red ball,go to a red box,go to the purple key,go to the green box,go to the grey ball,go to a red ball,go to the grey key,go to a green key,go to a yellow box,go to the yellow ball,pick up the yellow box,go to a blue ball,go to the green door and go to the purple key and go to the green door,go to a grey ball,go to the green box,go to a red box and pick up a red box and go to a grey ball
2021-05-11 09:35:48,2021-05-11 09:56:56,IP Address,212.162.148.44,100,1268,TRUE,2021-05-11 09:56:57,R_2VyUfoF12ccW1Zu,,,,,41.8777008056641000,-87.637603759765600,anonymous,EN,Go to the green ball,Go to the red ball,go to green door go to blue door go to red ball,go to purple key,1,go to blue key go to green box,go to the blue ball go to the gray ball,go to the yellow door and go to the green door and go to purple door,go to the gray ball and go to the gray key,3,go to the green door and go to the yellow door and go to purple box,go to the green box and go to the green key go to the blue door,go to green door go to blue ball go to yellow ball,pick up the yellow box,2,go to the red door,go to the red ball,go to a grey box and go to a red box,go to a yellow box,open the red door,3,,89738,go to the green ball,go to the red ball,go to a green ball and go to the blue door and go to the red box and go to a green box,go to the purple key,go to the green box and go to the blue key,go to the blue ball and go to a grey ball,go to the yellow door and go to the green door and go to the purple door,go to a grey ball and go to a grey key,go to the green door and go to a yellow door and go to a purple box,go to the green box and go to the green key and go to the blue door,go to the green door and go to the green ball and go to the yellow ball,pick up the yellow box,go to the red door,go to the red ball,go to a grey box and go to a red box,go to a yellow box,open the red door
2021-05-11 09:36:49,2021-05-11 09:57:52,IP Address,173.63.61.15,100,1263,TRUE,2021-05-11 09:57:53,R_1g7MJuFQcvpiRxs,,,,,40.9138031005859000,-74.18959808349610000,anonymous,EN,Point to the left.,Go to the second red ball,Go to the red box,Go to the purple key,1,go to the green box,go to the gray circle,go to the red circle,go to the gray question mark,3,go between the blue ball and purple box,go next to the purple key,go to the yellow ball,go near the purple ball,2,go to a purple ball,go to a grey box,go next to the door,go near the green door,go to the gray ball,2,"The onewhere it said to go to the green box, I only saw a door near it. Maybe my eyes are bad today? :(",72146,go to the green ball,go to the red ball,go to a red box,go to the purple key,go to the green box,go to the blue ball and go to a grey ball,go to a red ball,go to a grey door,"go to the purple ball and go to the purple ball, then go to the blue box",go to a purple key,go to the yellow ball,go to a purple ball,go to a purple ball,go to a grey box,go to a blue door,go to the green box,go to the grey ball
2021-05-11 09:31:55,2021-05-11 09:59:46,IP Address,150.129.29.50,100,1670,TRUE,2021-05-11 09:59:46,R_2zUZmObtBSJUfHK,,,,,19.074798583984400,72.8856048583984000,anonymous,EN,Just move around the box,Go to Red Ball ,Go to the red 8 Number,move to the one key to another key ,1,Move green ball to Green 8 Number,move to purple box ,move green box to red box ,move from one purple box to another purple box ,3,Move from green box to green box then green key ,move from green box to red box then purple box and then move to 8 Number,move to green box then purple ball then yellow ball,move in purple box ,2,move to blue ball then green box ,move from red box to go to purple 8 number then move to red box,move from purple box to red box and purple 8 number then green box,move to blue door,go to red box then purple box then blue box ,2,it was essay ,71213,go to a blue ball,go to the red ball,go to a red box and go to the green box,"go to the green box, then go to the blue box, then go to a purple key",go to the green ball,go to the blue ball and go to the red box,"go to the purple box, then go to a green ball","go to a red box, then go to a red box, then go to a grey key","go to the green key, then go to the green box","go to the green box, then go to a purple key after you go to a green box","go to the purple door, then go to the green door, then go to a yellow ball",go to a purple ball,"go to a blue ball, then go to a green box","go to a red box after you go to a purple door, then go to the green door","go to the purple door, then go to the purple door, then go to the red box",go to the blue door,"go to the red box, then go to the blue door, then go to a purple door"
2021-05-11 09:49:36,2021-05-11 10:01:25,IP Address,71.236.67.104,100,708,TRUE,2021-05-11 10:01:25,R_2AZtpkZ0RRRfV3O,,,,,40.1587982177734000,-79.81220245361330000,anonymous,EN,turn to face up,turn to face yellow square,face red square,go to purple key,2,go to green box,go to uppermost gray circle,go to red circle,go to gray key,3,go to blue ball,go to gray ball,place yellow ball,go to red door,2,go to purple ball,go to green key,go to blue door,go to green door,go to gray ball,4,,65009,go to a blue ball,put a red ball next to the yellow box,go to a red box,go to the purple key,go to the green box,go to the red box,go to a red ball,go to the grey key,go to the blue ball,go to a grey door,go to the yellow ball,go to a red door,go to a purple ball,go to the green door,go to a blue door,go to the green box,go to the grey ball
2021-05-11 09:36:25,2021-05-11 10:02:53,IP Address,172.114.225.154,100,1588,TRUE,2021-05-11 10:02:54,R_eKylgUG6SrCMAsp,,,,,33.889892578125,-118.4008026123050000,anonymous,EN,Go to green ball,Put orange ball next to yellow square,Find red box,go to the purple key,1,Put the green box next to the green ball,Go to the grey ball,Go to the red ball,go to the grey key,3,take the green key to the blue ball,take the yellow box to the grey ball,move the yellow ball to adjacent square,go to the door,2,go to the purple ball,take the grey box to the green key,go to the corner by yellow key,go to the green door,go to the grey ball,2,,14865,go to the green ball,put a red ball next to the yellow box,go to a red box,go to the purple key,put the green box next to a green ball,go to the grey ball,go to a red ball,go to the grey key,go to the green key and go to the blue ball,go to the yellow box and put the yellow box next to a grey ball,go to the yellow ball,go to a red door,go to a purple ball,put the grey box next to a green key,go to the yellow key,go to the green box,go to the grey ball
2021-05-11 09:39:29,2021-05-11 10:05:33,IP Address,157.46.89.245,100,1563,TRUE,2021-05-11 10:05:37,R_ba79iQxtDMyc0mt,,,,,12.89959716796880,80.22088623046880,anonymous,EN,go to the green ball,go to the red ball,go to the red box,go to the purple key,1,go to the green box,go to the grey ball,go to the red ball,go to the grey key,3,Pick up the green key and go to the blue box,Pick up the yellow box and go to the purple key,go to the blue ball and go to the yellow ball,go to the yellow box and go to the red door,2,go to the blue ball and go to the purple ball,pick up the grey box and go to the yollowkey,go to the blue key and pick up the red box,pick up the green box,go to the grey ball,3,Good survey,35697,go to the green ball,go to the red ball,go to a red box,go to the purple key,go to the green box,go to the grey ball,go to a red ball,go to the grey key,pick up a blue key and go to a green box,pick up the yellow box and go to a purple key,go to the yellow ball,pick up a yellow box and go to a red door,go to the blue ball and go to the purple ball,open the grey door and go to the red box,go to a blue key and pick up a red box,pick up a green box,go to the grey ball
2021-05-11 10:00:59,2021-05-11 10:14:13,IP Address,104.222.27.33,100,794,TRUE,2021-05-11 10:14:14,R_Abnbe6eJdualUYh,,,,,33.590301513671900,-101.937103271484000,anonymous,EN,turn left,go to the yellow box,Go to the red block,go to the purple key,1,put the green box beside the green ball,go to the grey ball,go to the red ball,go to the grey key,3,go to the blue ball,put the yellow box beside the grey ball,go to the yellow ball,go through the red door,2,go to the purple ball,go to a green key,pick up the red box,go through a green door,go to a gray ball,2,,41160,go to the green ball,put a red ball next to the yellow box,go to a red box,go to the purple key,put the green box next to a green ball,go to the grey ball,go to a red ball,go to the grey key,go to the blue ball,put the yellow box next to a grey ball,go to the yellow ball,go to a red door,go to a purple ball,go to the green door and go to the purple key and go to the green door,pick up a red box,go to the green box,go to the grey ball
2021-05-11 09:31:53,2021-05-11 10:15:42,IP Address,67.162.200.58,100,2629,TRUE,2021-05-11 10:15:43,R_3fddzyrd861fL8i,,,,,34.8108062744141000,-92.2248992919922000,anonymous,EN,Go to the space under the green circle and point at it. ,Move the red circle to the space above the yellow box. ,Go to the red box. ,Go to a purple key,1,move the green box to the green circle,go to the gray ball beside the yellow ball,Go to a red ball,Go to a gray key,3,"make the blue key flash, remove the green key, and go to a blue circle",go to a purple key after you pick up a yellow box,move a yellow circle after moving a purple circle,go to the purple ball after going to the yellow box,2,go to the purple ball after moving the blue ball,go to the green key after picking up a grey box,pick up the red box after picking up a blue key and moving it to a yellow box after going to a grey ball  and picking it up,go two spaces next to the green door after picking up the green box after going to the yellow box after going to the yellow door,Go to a grey ball after you pick up the red box,3,"There was one command where the circle was grey but the instructions recommended said blue.  I thought it was an error on your side, but maybe there was a blue ball there also that I did not focus on. ",52417,go to the green ball,"go to the red key, then put the red ball next to a yellow box",go to a red box,go to the purple key,go to the green ball and put a green box next to a green ball,go to a blue ball,go to a red ball,go to the grey key,pick up the green key and go to a blue ball after you go to a blue key,go to the purple key after you pick up a yellow box,"go to the purple ball, then go to the yellow ball",go to the purple ball after you pick up the yellow box,go to the purple ball after you pick up a blue ball,pick up the grey box and put the grey box next to a green key,pick up the red box after you put the blue key next to the yellow box after you pick up a grey ball,pick up the green box after you go to a green box after you go to a yellow door,go to a grey ball after you pick up a red box
2021-05-11 09:32:37,2021-05-11 10:19:02,IP Address,157.51.121.27,100,2784,TRUE,2021-05-11 10:19:02,R_2V9DqxUa7AAKzpy,,,,,12.89959716796880,80.22088623046880,anonymous,EN,The red Shape do not touch other objects ,The re triangle shape beat the red circle ,Red triangle shape moving not touch any other objects ,Red triangle shape going on to key object ,1,Red triangle going on green box  ,Red triangle just moving  ,Red triangle moving the all boxes  ,Red Triangle moving  to the another boxes ,3,Red triangle trying to beat blue balls  ,Res triangle Just beat the yellow box,Red triangle hit the Yellow ball  ,Just moving ,2,Red triangle moving into the boxes,I think Red triangle to to hit green key ,Red triangle hit red hey ,Red triangle hit the green box  ,Red triangle moving around the boxes ,3,I think i give my best ,54816,go to the green ball,go to a red key,"go to the purple box, then go to a red box",go to the purple key,go to the green ball and go to the green box,go to the red box,"go to the purple box, then go to the purple box, then go to a red ball","go to a red box, then go to the red box","go to a purple ball and go to the purple ball, then go to a blue ball","go to a yellow box and go to the purple key, then put a yellow box next to a grey ball",go to the yellow ball,go to a red door,go to the red box,"go to the red ball and go to the purple key, then open the green door",go to a red box,go to the green box,pick up a red box
2021-05-11 09:34:53,2021-05-11 10:19:11,IP Address,103.143.108.6,100,2657,TRUE,2021-05-11 10:19:11,R_3NWf33jKCUr0kTi,,,,,11.14239501953130,77.342193603515600,anonymous,EN,Red triangle trying to beat green circle ,Red triangle hit the red circle ,Red triangle  Moving around the boxes ,Red triangle  trying to hit purple key ,1,Red triangle Hit the green boxes ,Red triangle  just move ,Red triangle trying to hit the red circle ,Red triangle  moving ,3,Red triangle  moving all boxes ,Red triangle hit the yellow boxes ,Red triangle  hit the balls ,Red triangle  take the root ,2,Red triangle  just moving ,Red triangle trying to  hit the boxes ,Red triangle  trying to hit balls ,Red triangle  hit the green box ,Red triangle  hit the wrong one and moving around the box ,3,Interesting game survey ,88516,go to the green ball,go to the red ball,go to a red box,go to the purple key,go to the green ball and go to the green box,go to the red box,go to a red ball,go to a red box,"go to a red key, then go to a purple ball, then go to a purple box",pick up a yellow box,go to the purple ball and go to the green ball and go to the red box,go to a purple ball,open the red door,"go to a red ball, then go to a red box",pick up a red box after you go to the blue ball and go to the red box,go to the green box,go to a red key and go to a red box and pick up the red box
2021-05-11 10:33:09,2021-05-11 10:47:18,IP Address,50.80.27.116,100,849,TRUE,2021-05-11 10:47:19,R_QfUKIClerMorgjL,,,,,41.976898193359400,-91.70839691162110000,anonymous,EN,The robot turns to face the green circle.,Go to the yellow boxes in the bottom left.,Go to the red box.,Go to the purple key.,1,Put the green box next to the green ball.,Go to a grey circle.,Go to the red ball.,Go to a grey key,3,Go between the blue ball and purple boxes,Go to the yellow box and then to the grey ball,Go to the yellow ball and move it,Go to the purple ball,2,Move the blue ball and go to the purple ball,Go to the grey box,Pick up the red box,Pick up the green box,Go to a grey circle,2,"Really fun survey, thankyou!",11635,go to the green ball,put a red ball next to the yellow box,go to a red box,go to the purple key,put the green box next to a green ball,go to the grey ball,go to a red ball,go to the grey key,"go to the purple ball and go to the purple ball, then go to the blue box","go to the yellow box, then put the yellow box next to a grey ball","go to a yellow ball, then pick up the yellow ball",go to a purple ball,pick up the blue ball and go to a purple ball,go to the grey box,pick up a red box,pick up a green box,"go to a grey key, then go to a grey key"
2021-05-11 10:58:23,2021-05-11 11:18:42,IP Address,49.37.211.237,100,1219,TRUE,2021-05-11 11:18:42,R_V3gsYEl4vNtAVhv,,,,,12.89959716796880,80.22088623046880,anonymous,EN,go to the green ball,go to the red ball and pick up a red ball and put the red ball next to a red box,"open the grey door, go to the red box",go to the purple key,1,go to the green box,go to the gray ball,"go to the purple box and go to a gray door, then open the grey door","open the grey door, go to a gray ball",3,"open the green door, pick up the green key","open the red door, open the blue door, pick up the green box","open the green door, pick up the blue ball",go to the green box,2,"open a red door, pick up a blue ball","open a blue door, open a green door,go to green key","open a grey door, open a blue door, pick up the blue key, pick up the red box","open a blue door, pick up the green box","open the red door. open the blue door, go to gray ball",2,interesting,50762,go to the green ball,go to a red ball and pick up a red ball and put the red ball next to a yellow box,open the grey door and go to a red box,go to the purple key,go to the green box,go to the grey ball,"go to the purple box and go to a grey door, then open the grey door","open a grey door and go to a grey ball, then open a grey door",open the green door and pick up the green key,open the red door and go to the green box and open the blue door,open a green door and pick up the yellow ball,pick up the yellow box,open the red door and pick up the blue ball,open the green door and go to the purple key and open a green door,"pick up a blue key, then open the grey door and pick up the red box",open the blue door and pick up a green box,"open a red door, then open the blue door and go to a grey ball"
2021-05-11 12:26:49,2021-05-11 12:50:49,IP Address,49.37.215.93,100,1440,TRUE,2021-05-11 12:50:49,R_1LThJUQ2pRqPylq,,,,,12.89959716796880,80.22088623046880,anonymous,EN,GO TO THE GREEN BALL,GO TO RED BALL AND PICK UP A RED AND PUT THE RED BALL NEXT TO A YELLOW BOX ,OPEN THE GRAY DOOR GO TO THE RED BOX,GO TO  THE PURPLE KEY ,1,GO TO THE GREEN BOX,GO TO THE GRAY BALL ,"GO TO THE PURPLE BOX AND TO A GRAY DOOR,THEN OPEN THE GRAY DOOR",OPEN THE GARY DOOR GO TO THE GRAY BALL,3,"OPEN THE GREEN DOOR, PICK UP THE GREEN BOX ","OPEN THE RED DOOR, PICK UP THE YELLOW BOX ",OPEN THE RED BOX GO TO THE YELLOW BALL ,GO TO THE YELLOW BOX,2,"OPEN THE RED DOOR, PICK UP THE BLUE BALL ","OPEN THE RED DOOR, THE BLUE DOOR,PICK UP THE GREEN KEY ","OPEN THE GRAY DOOR, PICK UP THE GREEN KEY, THEN PICK UP RED BOX ","OPEN THE BLUE DOOR, PICK UP THE YELLOW BOX","OPEN THE RED DOOR,OPEN THE BLUE DOOR THE GO TO THE GRAY BALL ",2,GOOD,34315,go to the green ball,go to a red ball and pick up a red ball and put the red ball next to a yellow box,open the grey door and go to a red box,go to the purple key,go to the green box,go to the grey ball,go to a purple box and open a grey door,"open a grey door, then go to a grey ball",open the green door and go to the green box,open the red door and pick up the yellow box,go to the red box and go to a yellow ball,pick up the yellow box,open the red door and pick up the blue ball,go to the red box and go to the purple key and open a green door,"open the grey door and pick up the blue key, then go to the red box",open a blue door and go to a yellow box,open the red door and go to a blue door and go to the grey ball
2021-05-11 14:10:18,2021-05-11 14:21:58,IP Address,49.37.213.87,100,699,TRUE,2021-05-11 14:21:59,R_3gXxXvOCSwJJgfP,,,,,12.89959716796880,80.22088623046880,anonymous,EN,go to the green ball,go to a red ball and pick up a red ball and put the red ball next to a yellow box,"open the gray door, go to the red box",go to the purple key,1,go to the green box,go to the gray ball,"go to the purple box and go to a gray door, then open the gray door","open the gray door, go to a gray ball",3,"open the green door, pick up the green box","open the red door, pick up the yellow box","open the red box, go to a yellow ball",go to the yellow box,2,"open the red door, pick up the blue ball","open the red door,open the blue door, pick up the green key","open the gray door,pick up the green key,then pick up the red box","open the blue door, pick up the yellow box","open the red door, open the blue door, then go to the gray ball",1,good,75786,go to the green ball,go to a red ball and pick up a red ball and put the red ball next to a yellow box,open the grey door and go to a red box,go to the purple key,go to the green box,go to the grey ball,"go to a purple box and open the grey door, then open the purple door","open a grey door, then go to a grey ball",open the green door and go to the green box,open the red door and pick up the yellow box,go to the red box and go to a yellow ball,pick up the yellow box,open the red door and pick up the blue ball,go to a red box and open the green door and go to the purple key,"open a grey door and go to the blue key, then pick up a red box",open a blue door and go to a yellow box,"open the red door, then open a blue door and go to a grey ball"
2021-05-11 14:27:13,2021-05-11 14:37:12,IP Address,49.37.215.67,100,598,TRUE,2021-05-11 14:37:12,R_2h4eougCqbrUIb7,,,,,12.89959716796880,80.22088623046880,anonymous,EN,go to the green ball,"go to a red ball, pick up a red ball and put a red ball next to a yellow box","open the gray door, go to the red box",go to the purple key,1,go to the green box,go to the gray ball,go to the purple bopx and go to a grey door. then open the grey door,open the grey door,3,"open the green door, pick up the green box","open the red door, pick up the yellow box","open the red box,go to a blue ball",pick up the yellow box,2,"open the red door, pick up the blue ball","open the red door, open the blue door,pick up the green key","open the grey door, pick up the green key,pick up the red box","open the blue door, pick up the yellow box","open the red door, open the blue door, then go to the grey ball",1,interesting,30836,go to the green ball,go to a red ball and pick up a red ball and put the red ball next to a yellow box,open the grey door and go to a red box,go to the purple key,go to the green box,go to the grey ball,"go to a grey door and open a grey door, then open the purple door",open a grey door,open the green door and go to the green box,open the red door and pick up the yellow box,go to a blue key and go to the red box and go to the yellow ball,pick up the yellow box,open the red door and pick up the blue ball,go to the red box and go to the purple key and open a green door,"open the grey door and pick up the blue key, then go to the red box",open a blue door and go to a yellow box,"open the red door, then open the blue door and go to the grey ball"
2021-05-11 15:42:03,2021-05-11 15:54:00,IP Address,172.58.145.208,100,716,TRUE,2021-05-11 15:54:00,R_123zeODSxZhY5Nq,,,,,36.1670989990234000,-86.786102294921900,anonymous,EN,face the green ball,drop the red ball,go to the red chest,go to the purple key,1,go to the green box,go to the grey ball,go to the red ball,go to the grey key,3,go to the purple box,go to the yellow box,go to a yellow ball,go to the purple ball,2,go to a purple ball,go to a green key,go to a red box,go to a green box,go to a grey key,3,nope,77799,go to the green ball,go to the red ball,go to a red box,go to the purple key,go to the green box,go to the grey ball,go to a red ball,go to the grey key,go to the purple box,go to a yellow box,go to the yellow ball,go to a purple ball,go to a purple ball,go to the green door and go to the purple key and go to the green door,go to a red box,go to the green box,go to a grey key
2021-05-11 16:23:40,2021-05-11 16:44:29,IP Address,96.224.196.137,100,1249,TRUE,2021-05-11 16:44:29,R_ZKO4Up1RUCrQ9z3,,,,,40.724395751953100,-73.64839935302730000,anonymous,EN,the red triagnle find the way to touch the green circle on the right up corner,move the red ball to the left buttom corner,go to the red rectangle,go to a purple key,1,move the green box to beside green ball,go to a grey ball,go to the red ball,go to a grey key,3,go to a blue ball,go to the purple key,move out the yellow ball aside,go to the purple ball,2,go to the purple ball,go to the grey box,go to a door,go to a green door,go to a grey ball,3,"the last postion is so quick to finish showing, wait more time is better",46061,go to the green ball,go to the red ball,go to a red box,go to the purple key,put the green box next to a green ball,go to the grey ball,go to a red ball,go to the grey key,go to the blue ball,go to a purple key,pick up a yellow ball,go to a purple ball,go to a purple ball,go to the grey box,go to a blue door,go to the green box,go to the grey ball
2021-05-11 16:34:45,2021-05-11 16:55:05,IP Address,177.23.205.139,100,1219,TRUE,2021-05-11 16:55:05,R_1FJujxkRvSPnR7R,,,,,-22.9485015869141000,-43.343597412109400,anonymous,EN,go the green ball,put the red ball in front of the yellow box,go to the red box,go to the purple key,1,place the green box next to the green ball,go to the gray ball,go to the red ball,go to the gray key,3,go to the blue ball,go to the purple key,move the yellow ball,get to the red door,2,go to the purple ball,open a green door,take a red box,go to a green box,go the grey ball,1,I loved doing this super fun task! Thanks for the opportunity!,35553,go to the green ball,put a red ball next to the yellow box,go to a red box,go to the purple key,put the green box next to a green ball,go to the grey ball,go to a red ball,go to the grey key,go to the blue ball,go to a purple key,go to the yellow ball,go to a red door,go to a purple ball,open a green door,go to a red box,go to the green box,go to the grey ball
2021-05-11 16:24:51,2021-05-11 16:55:17,IP Address,212.102.46.223,100,1825,TRUE,2021-05-11 16:55:17,R_WrE1vxNhTnRMKLD,,,,,47.6033935546875,-122.341400146484000,anonymous,EN,Face the green ball,Drop the red ball close to the door.,Move to the box that is directly above the green box to the extreme left and beside the red box,Go to the key and the yellow ball.,1,Drop the green box right above the green box.,Go to the grey ball.,Go to the red and grey balls.,Go to the grey key.,3,Go to the blue ball.,Go to the grey key.,Pick the yellow ball and drop.,Go to the purple ball.,2,Go to  the purple ball.,Go to the green key.,Pick up the red box.,Pick up the green box.,Go to a grey ball.,1,Quite an interesting experiment.,60180,go to the green ball,pick up the red ball and put the red ball next to the yellow box after you go to a red key,go to a red box and go to the green box,go to a yellow ball and go to a purple key,go to the green box,go to the grey ball,go to the red ball and go to a grey ball,go to the grey key,go to the blue ball,go to the grey key,pick up a yellow ball,go to a purple ball,go to a purple ball,go to the green door and go to the purple key and go to the green door,pick up a red box,pick up a green box,go to the grey ball
2021-05-11 17:41:20,2021-05-11 18:24:40,IP Address,112.133.236.205,100,2600,TRUE,2021-05-11 18:24:41,R_1NsRea4etX6rT4J,,,,,9.9326934814453100,78.114105224609400,anonymous,EN,"straight go, turn right and  turn turn left few step go turn left you will reach the green ball","go to straight, turn left and turn right few steps go, turn left two steps go yo will go the red ball","turn left walk four steps turn right side, walk one step about turn the side walk few step u pick up the red ball","Go one step forward, turn right go three steps and turn left  two steps forward you will pick up the green key",1,two steps forward turn left three steps to go turn right three steps go turn left you will reach green home,go one step forward turn left immediately turn right side and turn left you pick up the red home,i cannot remember,come to the left side box and go to the key icon,3,"come the blue key, and search the yellow key and go to the blue ball","pickup the green key, and search the yellow box and pickup the yellow box",search the yellow ball and pick up the yellow ball and drop the yellow ball,pick up the yellow box,2,pick up the blue ball and go to the purple ball,pickup the grey box and go to the red ball and go to the green key,pickup the grey ball and pick up the blue key and put the key and pickup the red box ,pickup the green box,pickup the red box and go to the blue key and go to the grey ball,2,no comments,22595,go to the green ball,"go to the red key and go to the red ball, then pick up a red ball",open a purple door after you go to the green ball and go to the purple door,go to the green box and go to a purple key,pick up the green box and put the green box next to the green ball after you go to the green box,go to the red box,go to the purple box,"go to the red box after you go to a red box, then go to the grey key","pick up the blue key, then go to the yellow key and go to the blue ball","go to a green box and pick up the yellow box, then go to the grey key","go to a yellow ball, then pick up the yellow ball",pick up the yellow box,pick up the blue ball and go to a purple ball,"go to the red ball, then put a grey box next to a green key",pick up the grey ball and pick up the blue key and pick up the red box,pick up a green box,pick up the red box and go to the blue key and go to the grey ball
2021-05-11 18:12:27,2021-05-11 18:31:40,IP Address,49.37.215.234,100,1152,TRUE,2021-05-11 18:31:40,R_2QKexmF0JCIOdmE,,,,,12.89959716796880,80.22088623046880,anonymous,EN,GO TO THE GREEN BALL,GO TO A RED BALL AND PICK UP A RED BALL AND PUT THE RED BALL NEXT TO A YELLOW BOX,"OPEN THE GREY DOOR, GO TO THE RED BOX.",GO TO THE PURPLE KEY.,1,GO TO THE GREEN BOX,GO TO THE GREY BALL.,"GO TO THE PURPLE BOX AND GO TO A GREY DOOR, THEN OPEN THE GREY DOOR.","OPEN THE GREY DOOR, GO TO A GRAY BALL.",3,"OPEN THE GREEN DOOR, PICK UP THE GREEN BOX.","OPEN THE DOOR, PICK UP THE YELLOW BOX.",GO TO  A BLUE KEY AND GO TO THE RED BOX AND GO TO THE YELLOW BALL.,PICKUP THE YELLOW BOX,2,"OPEN THE RED DOOR, PICK UP THE BLUE BALL","OPEN THE RED DOOR, OPEN THE BLUE DOOR, PICK UP THE GREEN KEY.","OPEN THE GREY DOOR, PICK UP THE GREEN KEY THEN PICK UP THE RED BOX.","OPEN THE BLUE DOOR, PICK UP THE YELLOW BOX.","OPEN THE RED DOOR, OPEN THE BLUE DOOR, THEN GO TO THE GREY BALL.",1,GOOD,17937,go to the green ball,go to a red ball and pick up a red ball and put the red ball next to a yellow box,open the grey door and go to a red box,go to the purple key,go to the green box,go to the grey ball,"go to the purple box and go to a grey door, then open the grey door","open a grey door and go to a grey ball, then open a grey door",open the green door and go to the green box,open the red door and pick up the yellow box,go to a blue key and go to the red box and go to the yellow ball,pick up the yellow box,open the red door and pick up the blue ball,open the green door and go to the purple key and open a green door,"open the grey door, then pick up the blue key, then pick up the red box",open a blue door and go to a yellow box,"open the red door, then open the blue door and go to the grey ball"
2021-05-11 20:38:06,2021-05-11 21:12:20,IP Address,106.197.42.245,100,2053,TRUE,2021-05-11 21:12:20,R_26kxPPsB1a0chjo,,,,,11.6602020263672000,78.1531982421875,anonymous,EN,searching for green dot,collect red key to the yellow door,go to the red box,go to the purple key,1,place green box near green dot,find gray dot,search for red ball,go to purple key,3,collect green key to the green ball,go to the yellow box and collect it and place near purple key,find balls near door and place it away,go to the yellow box then red key,2,go to the red door and then green door then find purple ball,collect one grey box and go to green key,collect blue key and place near yellow box and then go to collet red box,collect green box and go to green door,go to red box and then find grey ball,2,its very interesting,86924,go to the green ball,"go to the red key, then put the red ball next to a yellow box",go to a red box,go to the purple key,go to the green box,go to the grey ball,go to a red ball,go to the grey key,go to the green key and pick up the green key and go to the blue ball,"pick up a yellow box, then go to the purple key",go to the red box and go to the yellow ball after you go to a grey door,pick up a yellow box and go to a red door,"go to a red door, then go to the green door and go to the purple ball",pick up the grey box and put the grey box next to a green key,"put a blue key next to a yellow box, then pick up the red box, then go to the yellow key","go to the green box, then pick up the green box and put a green box next to a green door","go to the red box, then go to the grey ball"
2021-05-12 07:39:06,2021-05-12 08:07:30,IP Address,72.182.160.80,100,1703,TRUE,2021-05-12 08:07:30,R_3hapSMUr1AWsr1h,,,,,32.6609039306641000,-97.03420257568360000,anonymous,EN,grabbing green ball,walk to yellow box,walk to red box,go to purple key,1,place green box,go to gray circle,go through purple door go to red ball,go to gray door go to gray key,3,go to purple door go to purple ball,go to blue door,go to green door go to yellow ball,go to yellow box go to  red door,2,go to green door go to purple ball,go to the green door go to the green key,pick up gray ball pick up blue key pick up gray box,go to blue door pick up green box,go to purple door go to green box,4,,65233,go to the green ball,put a red ball next to the yellow box,go to a red box,go to the purple key,go to the green box,go to the blue ball and go to a grey ball,go to the purple door and go to the red ball,go to the grey door and go to a grey key,go to the purple ball and go to the purple door,go to the blue door,go to the green door and go to the yellow ball,pick up a yellow box and go to a red door,go to the green door and go to the purple ball,go to the green door and go to the purple key and go to the green door,pick up a grey ball and go to the yellow box and pick up a blue key,go to a blue door and pick up the green box,go to a purple door and go to the green box
2021-05-12 08:46:40,2021-05-12 09:03:17,IP Address,72.76.129.231,100,996,TRUE,2021-05-12 09:03:17,R_pSGT6NZBYupR1w5,,,,,40.8462066650391000,-74.705596923828100,anonymous,EN,Find the green ball.,Bring the red ball to the yellow box.,Go to a red box.,go to a purple key,1,put the green box next to the green ball,go to a gray ball,go to the red ball,go to the grey key,3,bring a green key to a purple box,go to a yellow box,move the purple ball and move the yellow ball,go to a red door,2,pick up a blue ball and go to the purple ball,pick up a grey box and bring it to the green key,pick up the yellow key and put it next to the yellow box,pick up a green box,pick up a red box and go to a grey ball,2,no comments,58711,go to the green ball,put a red ball next to the yellow box,go to a red box,go to the purple key,put the green box next to a green ball,go to the grey ball,go to a red ball,go to the grey key,go to a green key and go to the purple box,go to a yellow box,pick up a purple ball and go to a yellow ball,go to a red door,pick up the blue ball and go to a purple ball,pick up the grey box and put the grey box next to a green key,go to a yellow box and put a blue key next to a yellow box,pick up a green box,pick up a red box and go to a grey ball
2021-05-12 08:42:06,2021-05-12 09:27:32,IP Address,185.169.252.53,100,2725,TRUE,2021-05-12 09:27:33,R_1MYdGClaqAjgBQ0,,,,,34.0543975830078000,-118.2440032958980000,anonymous,EN,Go near the green ball,Drop the red ball,Go to the red box,Go to a purple key,1,Go to the green box,Go to a grey ball,Go to the red ball,go to the grey key,3,Go to the blue ball,Go to the blue key,Go to the green ball,Go to the purple ball,2,Go to the purple ball,Go to the green key,Go to the red box,Go to the green box,Go to the grey ball,1,This experiment was so easy,20208,go to the green ball,go to the red ball,go to a red box,go to the purple key,go to the green box,go to the grey ball,go to a red ball,go to the grey key,go to the blue ball,go to a blue door and go to the purple key,go to the green ball,go to a purple ball,go to a purple ball,go to the green door and go to the purple key and go to the green door,go to a red box,go to the green box,go to the grey ball
2021-05-12 10:20:28,2021-05-12 10:44:27,IP Address,47.185.66.100,100,1438,TRUE,2021-05-12 10:44:27,R_1DqxUVZAImp9wK3,,,,,32.932098388671900,-97.2834014892578000,anonymous,EN,turned counter clockwise 45 degress,Go to the red ball after you went through it,Go to the red square after you go through the bloe door,go to the purple key,1,Go to the green box after the green box is picked up,go to the grey ball,go to the purple ball after you pass through the grey door,go to the grey door after going through the grey door,3,got go pruple box after going through blue door,Go to grey ball after going through blue door,Pick up yellow ball after going to yellow ball,go to red door,2,go to purple ball after going through green door,Go to grey box after going through the green door,Pick up red box after going to red box. ,Pick up the green box,go to thr grey ball after going through the blue door,4,,63667,go to the blue ball and go to the green ball,pick up the red ball after you go to the red ball,go to the red box after you go to the grey door,go to the purple key,pick up the green box after you go to a green box,go to the grey ball,go to the grey ball after you open the purple door,go to the grey door after you go to the grey door and open a grey door,"go to the blue box, then open a blue door","go to the blue door after you open a grey door, then go to the grey door",pick up the yellow ball after you go to the yellow ball,go to a red door,go to the purple ball after you go to the green door,open the green door and go to the grey box after you go to a grey door,pick up a red box after you go to the red box,pick up a green box,pick up the grey ball after you open a blue door and go to a grey ball